"","danceability","energy","key","loudness","mode","speechiness","acousticness","instrumentalness","liveness","valence","tempo","type","id","uri","track_href","analysis_url","duration_ms","time_signature","track.name","name"
"1",0.859,0.627,6,-7.91,0,0.13,0.0388,0.000202,0.101,0.594,142.062,"audio_features","5uqphUYsR45kPYplrYSAQh","spotify:track:5uqphUYsR45kPYplrYSAQh","https://api.spotify.com/v1/tracks/5uqphUYsR45kPYplrYSAQh","https://api.spotify.com/v1/audio-analysis/5uqphUYsR45kPYplrYSAQh",260453,4,"Throw Sum Mo","Andrew"
"2",0.329,0.307,5,-10.628,1,0.0296,0.783,1.67e-05,0.115,0.179,79.278,"audio_features","5lvGoKl7dbjEXIi1E0tfL8","spotify:track:5lvGoKl7dbjEXIi1E0tfL8","https://api.spotify.com/v1/tracks/5lvGoKl7dbjEXIi1E0tfL8","https://api.spotify.com/v1/audio-analysis/5lvGoKl7dbjEXIi1E0tfL8",256000,4,"I Was In Heaven","Andrew"
"3",0.524,0.643,9,-6.055,1,0.0297,0.451,0,0.221,0.397,135.962,"audio_features","5gVCfYmQRPy1QJifP8f5gg","spotify:track:5gVCfYmQRPy1QJifP8f5gg","https://api.spotify.com/v1/tracks/5gVCfYmQRPy1QJifP8f5gg","https://api.spotify.com/v1/audio-analysis/5gVCfYmQRPy1QJifP8f5gg",232059,4,"Fall In Love","Andrew"
"4",0.674,0.753,3,-3.226,1,0.0388,0.00264,1.76e-06,0.0599,0.292,139.99,"audio_features","7ndDjjFDzw6Q68TmIzgHep","spotify:track:7ndDjjFDzw6Q68TmIzgHep","https://api.spotify.com/v1/tracks/7ndDjjFDzw6Q68TmIzgHep","https://api.spotify.com/v1/audio-analysis/7ndDjjFDzw6Q68TmIzgHep",155495,4,"Wasted (feat. Kodak Black & Koe Wetzel)","Andrew"
"5",0.504,0.736,0,-6.079,1,0.0352,0.00216,0,0.129,0.46,148.014,"audio_features","4RG7P0CXQ4pe0OeCAHjX5L","spotify:track:4RG7P0CXQ4pe0OeCAHjX5L","https://api.spotify.com/v1/tracks/4RG7P0CXQ4pe0OeCAHjX5L","https://api.spotify.com/v1/audio-analysis/4RG7P0CXQ4pe0OeCAHjX5L",199733,4,"Wild as Her","Andrew"
"6",0.526,0.606,5,-5.3,0,0.259,0.152,2.36e-06,0.194,0.492,116.622,"audio_features","0vjeOZ3Ft5jvAi9SBFJm1j","spotify:track:0vjeOZ3Ft5jvAi9SBFJm1j","https://api.spotify.com/v1/tracks/0vjeOZ3Ft5jvAi9SBFJm1j","https://api.spotify.com/v1/audio-analysis/0vjeOZ3Ft5jvAi9SBFJm1j",182667,4,"Superhero (Heroes & Villains) [with Future & Chris Brown]","Andrew"
"7",0.731,0.927,11,-5.663,0,0.0408,0.015,0,0.103,0.669,143.987,"audio_features","5ItzU5pBrFmRUudfr5RkJP","spotify:track:5ItzU5pBrFmRUudfr5RkJP","https://api.spotify.com/v1/tracks/5ItzU5pBrFmRUudfr5RkJP","https://api.spotify.com/v1/audio-analysis/5ItzU5pBrFmRUudfr5RkJP",249920,4,"Swag Surfin'","Andrew"
"8",0.404,0.571,0,-5.069,1,0.0303,0.182,2.08e-05,0.129,0.29,147.01,"audio_features","2WZyfujzMweFLnozyUJBkW","spotify:track:2WZyfujzMweFLnozyUJBkW","https://api.spotify.com/v1/tracks/2WZyfujzMweFLnozyUJBkW","https://api.spotify.com/v1/audio-analysis/2WZyfujzMweFLnozyUJBkW",245933,4,"Boston","Andrew"
"9",0.502,0.667,6,-5.486,1,0.0342,0.445,0,0.144,0.545,203.964,"audio_features","6Hiz5MDYoGdLBBQ3gGzRam","spotify:track:6Hiz5MDYoGdLBBQ3gGzRam","https://api.spotify.com/v1/tracks/6Hiz5MDYoGdLBBQ3gGzRam","https://api.spotify.com/v1/audio-analysis/6Hiz5MDYoGdLBBQ3gGzRam",163855,4,"Last Night","Andrew"
"10",0.625,0.533,10,-11.903,0,0.0596,0.659,0.00266,0.0546,0.139,108.296,"audio_features","29d0nY7TzCoi22XBqDQkiP","spotify:track:29d0nY7TzCoi22XBqDQkiP","https://api.spotify.com/v1/tracks/29d0nY7TzCoi22XBqDQkiP","https://api.spotify.com/v1/audio-analysis/29d0nY7TzCoi22XBqDQkiP",300840,4,"Running Up That Hill (A Deal With God) - 2018 Remaster","Andrew"
"11",0.363,0.92,10,-7.433,0,0.118,0.00261,0.567,0.607,0.18,130.14,"audio_features","6vjXARnDpFsOEuTquQZccN","spotify:track:6vjXARnDpFsOEuTquQZccN","https://api.spotify.com/v1/tracks/6vjXARnDpFsOEuTquQZccN","https://api.spotify.com/v1/audio-analysis/6vjXARnDpFsOEuTquQZccN",85173,4,"The Sea Will Sleep","Andrew"
"12",0.728,0.559,4,-11.18,0,0.046,0.246,0.298,0.293,0.489,110.423,"audio_features","4UsLaffcP013Gy8SSSTAsq","spotify:track:4UsLaffcP013Gy8SSSTAsq","https://api.spotify.com/v1/tracks/4UsLaffcP013Gy8SSSTAsq","https://api.spotify.com/v1/audio-analysis/4UsLaffcP013Gy8SSSTAsq",165333,5,"No Wind Resistance SPED UP!","Andrew"
"13",0.493,0.613,1,-6.636,1,0.414,0.0393,0,0.128,0.373,156.104,"audio_features","2UQ2oUbHiB8wWYCE42JX0k","spotify:track:2UQ2oUbHiB8wWYCE42JX0k","https://api.spotify.com/v1/tracks/2UQ2oUbHiB8wWYCE42JX0k","https://api.spotify.com/v1/audio-analysis/2UQ2oUbHiB8wWYCE42JX0k",197692,4,"My All","Andrew"
"14",0.515,0.593,4,-4.801,1,0.0322,0.653,0.162,0.25,0.153,94.467,"audio_features","5odlY52u43F5BjByhxg7wg","spotify:track:5odlY52u43F5BjByhxg7wg","https://api.spotify.com/v1/tracks/5odlY52u43F5BjByhxg7wg","https://api.spotify.com/v1/audio-analysis/5odlY52u43F5BjByhxg7wg",209260,3,"golden hour","Andrew"
"15",0.59,0.438,9,-12.407,0,0.0363,0.728,1.02e-05,0.0937,0.352,120.611,"audio_features","7BhOH16ud5ybFUeP3wwhby","spotify:track:7BhOH16ud5ybFUeP3wwhby","https://api.spotify.com/v1/tracks/7BhOH16ud5ybFUeP3wwhby","https://api.spotify.com/v1/audio-analysis/7BhOH16ud5ybFUeP3wwhby",208608,4,"Bleeding Out","Andrew"
"16",0.5,0.69,8,-4.448,1,0.312,0.159,0,0.104,0.371,180.206,"audio_features","3WcC6NH9J77xPEvj1SOL7z","spotify:track:3WcC6NH9J77xPEvj1SOL7z","https://api.spotify.com/v1/tracks/3WcC6NH9J77xPEvj1SOL7z","https://api.spotify.com/v1/audio-analysis/3WcC6NH9J77xPEvj1SOL7z",244511,3,"March Madness","Andrew"
"17",0.649,0.768,1,-3.246,1,0.0336,0.116,0,0.087,0.929,115.005,"audio_features","73QGVDmZWTLnQ6lG7rF1vd","spotify:track:73QGVDmZWTLnQ6lG7rF1vd","https://api.spotify.com/v1/tracks/73QGVDmZWTLnQ6lG7rF1vd","https://api.spotify.com/v1/audio-analysis/73QGVDmZWTLnQ6lG7rF1vd",174184,4,"Last Call","Andrew"
"18",0.551,0.793,0,-5.64,0,0.0369,0.0288,0,0.247,0.288,125.032,"audio_features","79O02eVpb1sBuEzxdkctz0","spotify:track:79O02eVpb1sBuEzxdkctz0","https://api.spotify.com/v1/tracks/79O02eVpb1sBuEzxdkctz0","https://api.spotify.com/v1/audio-analysis/79O02eVpb1sBuEzxdkctz0",402755,4,"Seven","Andrew"
"19",0.824,0.577,2,-9.443,1,0.357,0.0109,0,0.107,0.442,154.081,"audio_features","0VlpgNPHWCyh8xxLcaK2fp","spotify:track:0VlpgNPHWCyh8xxLcaK2fp","https://api.spotify.com/v1/tracks/0VlpgNPHWCyh8xxLcaK2fp","https://api.spotify.com/v1/audio-analysis/0VlpgNPHWCyh8xxLcaK2fp",159927,4,"Petty Too (feat. Future)","Andrew"
"20",0.637,0.601,8,-8.187,0,0.0386,0.0446,0,0.189,0.391,147.015,"audio_features","46ovdAQsEjIYd4lCIOT4Op","spotify:track:46ovdAQsEjIYd4lCIOT4Op","https://api.spotify.com/v1/tracks/46ovdAQsEjIYd4lCIOT4Op","https://api.spotify.com/v1/audio-analysis/46ovdAQsEjIYd4lCIOT4Op",236774,4,"Spaceship","Andrew"
"21",0.645,0.958,10,-3.872,0,0.286,0.133,0,0.327,0.834,160.084,"audio_features","0Rktu1dU3VH295WpdK36vs","spotify:track:0Rktu1dU3VH295WpdK36vs","https://api.spotify.com/v1/tracks/0Rktu1dU3VH295WpdK36vs","https://api.spotify.com/v1/audio-analysis/0Rktu1dU3VH295WpdK36vs",205053,4,"Good Good Night","Andrew"
"22",0.408,0.306,6,-8.334,1,0.0413,0.901,0,0.114,0.323,168.066,"audio_features","261mlNfSZhoIZSFhRevAkE","spotify:track:261mlNfSZhoIZSFhRevAkE","https://api.spotify.com/v1/tracks/261mlNfSZhoIZSFhRevAkE","https://api.spotify.com/v1/audio-analysis/261mlNfSZhoIZSFhRevAkE",166101,4,"Going, Going, Gone - Acoustic","Andrew"
"23",0.402,0.617,1,-4.934,1,0.0306,0.0891,0,0.117,0.52,76.097,"audio_features","2fWRRecCCnzAE4gLBUjz8M","spotify:track:2fWRRecCCnzAE4gLBUjz8M","https://api.spotify.com/v1/tracks/2fWRRecCCnzAE4gLBUjz8M","https://api.spotify.com/v1/audio-analysis/2fWRRecCCnzAE4gLBUjz8M",257693,4,"Forever Yours","Andrew"
"24",0.419,0.935,5,-4.348,0,0.0912,0.00314,0,0.342,0.0735,104.971,"audio_features","0qE46rBnn5oz96RaAfnZHv","spotify:track:0qE46rBnn5oz96RaAfnZHv","https://api.spotify.com/v1/tracks/0qE46rBnn5oz96RaAfnZHv","https://api.spotify.com/v1/audio-analysis/0qE46rBnn5oz96RaAfnZHv",217127,4,"Show Me Your God","Andrew"
"25",0.641,0.609,8,-4.92,1,0.0458,0.00512,0,0.335,0.203,128.014,"audio_features","6Zk3C9vR7KySMU7RbspQnk","spotify:track:6Zk3C9vR7KySMU7RbspQnk","https://api.spotify.com/v1/tracks/6Zk3C9vR7KySMU7RbspQnk","https://api.spotify.com/v1/audio-analysis/6Zk3C9vR7KySMU7RbspQnk",199811,4,"Taking Breathes - Single","Andrew"
"26",0.652,0.714,8,-4.716,0,0.0522,0.118,1.42e-06,0.0736,0.322,145.076,"audio_features","5HdSNZpHQj6JtsbB9BRMte","spotify:track:5HdSNZpHQj6JtsbB9BRMte","https://api.spotify.com/v1/tracks/5HdSNZpHQj6JtsbB9BRMte","https://api.spotify.com/v1/audio-analysis/5HdSNZpHQj6JtsbB9BRMte",255607,4,"Lower East Side","Andrew"
"27",0.977,0.303,0,-10.821,1,0.539,0.0612,0,0.184,0.214,116.063,"audio_features","0CjHqLvr4EdjBJ0XiKtbCI","spotify:track:0CjHqLvr4EdjBJ0XiKtbCI","https://api.spotify.com/v1/tracks/0CjHqLvr4EdjBJ0XiKtbCI","https://api.spotify.com/v1/audio-analysis/0CjHqLvr4EdjBJ0XiKtbCI",145188,3,"Menace","Andrew"
"28",0.208,0.503,2,-13.311,1,0.05,0.392,0.869,0.104,0.0313,115.9,"audio_features","7HMzhHBwxKOdGCdatgxaR1","spotify:track:7HMzhHBwxKOdGCdatgxaR1","https://api.spotify.com/v1/tracks/7HMzhHBwxKOdGCdatgxaR1","https://api.spotify.com/v1/audio-analysis/7HMzhHBwxKOdGCdatgxaR1",150467,3,"One Man At A Time","Andrew"
"29",0.662,0.473,1,-10.981,0,0.139,0.202,0,0.196,0.235,83.539,"audio_features","0Org1AqvwgImfwXK5HgY5a","spotify:track:0Org1AqvwgImfwXK5HgY5a","https://api.spotify.com/v1/tracks/0Org1AqvwgImfwXK5HgY5a","https://api.spotify.com/v1/audio-analysis/0Org1AqvwgImfwXK5HgY5a",175634,4,"Happier","Andrew"
"30",0.797,0.491,1,-9.385,1,0.318,0.00472,0,0.112,0.273,125,"audio_features","78zS8c5u32ytjlMWd4tw5w","spotify:track:78zS8c5u32ytjlMWd4tw5w","https://api.spotify.com/v1/tracks/78zS8c5u32ytjlMWd4tw5w","https://api.spotify.com/v1/audio-analysis/78zS8c5u32ytjlMWd4tw5w",242133,5,"Everything New (feat. Lil Baby & Q Da Fool)","Andrew"
"31",0.756,0.652,1,-8.514,1,0.134,0.0167,0.000514,0.115,0.521,150.015,"audio_features","0V2tUrjuwBpCsOdrm9aIlS","spotify:track:0V2tUrjuwBpCsOdrm9aIlS","https://api.spotify.com/v1/tracks/0V2tUrjuwBpCsOdrm9aIlS","https://api.spotify.com/v1/audio-analysis/0V2tUrjuwBpCsOdrm9aIlS",200699,4,"Handicap Crippin","Andrew"
"32",0.322,0.596,4,-9.292,0,0.098,0.000101,3.3e-05,0.107,0.0759,90.066,"audio_features","0p2Eezm7M4ORXpczTTGeqz","spotify:track:0p2Eezm7M4ORXpczTTGeqz","https://api.spotify.com/v1/tracks/0p2Eezm7M4ORXpczTTGeqz","https://api.spotify.com/v1/audio-analysis/0p2Eezm7M4ORXpczTTGeqz",223948,4,"Old No. 7 - Feat. G-Eazy","Andrew"
"33",0.593,0.834,10,-3.738,1,0.0424,0.115,0,0.191,0.555,151.944,"audio_features","753lkDSNs2u188xbl8Vrnx","spotify:track:753lkDSNs2u188xbl8Vrnx","https://api.spotify.com/v1/tracks/753lkDSNs2u188xbl8Vrnx","https://api.spotify.com/v1/audio-analysis/753lkDSNs2u188xbl8Vrnx",196987,4,"Waiting For Never","Andrew"
"34",0.679,0.908,8,-3.411,1,0.202,0.234,0,0.0821,0.687,85.918,"audio_features","4SE4yewyGpOYfxfx59Yjc5","spotify:track:4SE4yewyGpOYfxfx59Yjc5","https://api.spotify.com/v1/tracks/4SE4yewyGpOYfxfx59Yjc5","https://api.spotify.com/v1/audio-analysis/4SE4yewyGpOYfxfx59Yjc5",279013,4,"Cinderella Man","Andrew"
"35",0.8,0.881,2,-3.592,1,0.195,0.0552,3.83e-05,0.0946,0.482,135.982,"audio_features","0BXl7uIVDseD6mtYxCGDbb","spotify:track:0BXl7uIVDseD6mtYxCGDbb","https://api.spotify.com/v1/tracks/0BXl7uIVDseD6mtYxCGDbb","https://api.spotify.com/v1/audio-analysis/0BXl7uIVDseD6mtYxCGDbb",149305,4,"Afterlife","Andrew"
"36",0.29,0.767,8,-3.383,1,0.0438,9.5e-05,6e-05,0.103,0.204,144.037,"audio_features","0hXMRmhdXLlet3AjUj4uCC","spotify:track:0hXMRmhdXLlet3AjUj4uCC","https://api.spotify.com/v1/tracks/0hXMRmhdXLlet3AjUj4uCC","https://api.spotify.com/v1/audio-analysis/0hXMRmhdXLlet3AjUj4uCC",226093,4,"These Are The Days","Andrew"
"37",0.538,0.675,0,-2.3,1,0.335,0.245,0,0.362,0.519,78.985,"audio_features","3ORfa5ilEthp2U0TRcv7kv","spotify:track:3ORfa5ilEthp2U0TRcv7kv","https://api.spotify.com/v1/tracks/3ORfa5ilEthp2U0TRcv7kv","https://api.spotify.com/v1/audio-analysis/3ORfa5ilEthp2U0TRcv7kv",288880,4,"Patiently Waiting","Andrew"
"38",0.644,0.57,9,-6.994,1,0.052,0.484,0,0.299,0.527,113.945,"audio_features","2mCF8L0brIs88eH6Kf2h9p","spotify:track:2mCF8L0brIs88eH6Kf2h9p","https://api.spotify.com/v1/tracks/2mCF8L0brIs88eH6Kf2h9p","https://api.spotify.com/v1/audio-analysis/2mCF8L0brIs88eH6Kf2h9p",212424,4,"Fast Car","Andrew"
"39",0.528,0.635,1,-11.688,1,0.0598,0.0128,0.000196,0.248,0.266,76.018,"audio_features","1fuZkwjHV6Bv9wlzBSXaGk","spotify:track:1fuZkwjHV6Bv9wlzBSXaGk","https://api.spotify.com/v1/tracks/1fuZkwjHV6Bv9wlzBSXaGk","https://api.spotify.com/v1/audio-analysis/1fuZkwjHV6Bv9wlzBSXaGk",250507,4,"Bite Down","Andrew"
"40",0.202,0.716,1,-7.129,0,0.0561,0.00423,0.552,0.17,0.1,132.528,"audio_features","38uRB2juU174xSeDdc5tMO","spotify:track:38uRB2juU174xSeDdc5tMO","https://api.spotify.com/v1/tracks/38uRB2juU174xSeDdc5tMO","https://api.spotify.com/v1/audio-analysis/38uRB2juU174xSeDdc5tMO",265933,4,"Fireside","Andrew"
"41",0.607,0.783,7,-4.41,1,0.0397,0.000683,0,0.0678,0.434,113.172,"audio_features","6TrNRd98WksT9Kkmx9uj6R","spotify:track:6TrNRd98WksT9Kkmx9uj6R","https://api.spotify.com/v1/tracks/6TrNRd98WksT9Kkmx9uj6R","https://api.spotify.com/v1/audio-analysis/6TrNRd98WksT9Kkmx9uj6R",231173,4,"Let It Rock","Andrew"
"42",0.494,0.667,7,-4.632,1,0.263,0.00299,0,0.0815,0.179,88.028,"audio_features","6qzBOV7lg2pnYm1tIvjxo3","spotify:track:6qzBOV7lg2pnYm1tIvjxo3","https://api.spotify.com/v1/tracks/6qzBOV7lg2pnYm1tIvjxo3","https://api.spotify.com/v1/audio-analysis/6qzBOV7lg2pnYm1tIvjxo3",192727,5,"Heyy","Andrew"
"43",0.267,0.986,8,-4.554,0,0.2,8.65e-05,6.57e-05,0.249,0.0709,119.256,"audio_features","0LnNkDzIGaYKCvGbe5N9Wo","spotify:track:0LnNkDzIGaYKCvGbe5N9Wo","https://api.spotify.com/v1/tracks/0LnNkDzIGaYKCvGbe5N9Wo","https://api.spotify.com/v1/audio-analysis/0LnNkDzIGaYKCvGbe5N9Wo",171163,4,"Nihilist","Andrew"
"44",0.421,0.942,6,-5.289,0,0.14,0.000314,1.04e-06,0.0704,0.303,77.573,"audio_features","6w9PFIfsLZvzo09nfmqjxQ","spotify:track:6w9PFIfsLZvzo09nfmqjxQ","https://api.spotify.com/v1/tracks/6w9PFIfsLZvzo09nfmqjxQ","https://api.spotify.com/v1/audio-analysis/6w9PFIfsLZvzo09nfmqjxQ",225801,4,"Gone With The Wind","Andrew"
"45",0.624,0.396,4,-15.411,1,0.034,0.0647,0.909,0.113,0.0388,111.401,"audio_features","4OV0sRTFrZLXaZZ1sS9hLn","spotify:track:4OV0sRTFrZLXaZZ1sS9hLn","https://api.spotify.com/v1/tracks/4OV0sRTFrZLXaZZ1sS9hLn","https://api.spotify.com/v1/audio-analysis/4OV0sRTFrZLXaZZ1sS9hLn",115280,4,"Sirius","Andrew"
"46",0.355,0.689,8,-9.343,1,0.0386,0.173,0.861,0.11,0.198,82.502,"audio_features","5KH9kPpOZZV2WkJj6WWt1O","spotify:track:5KH9kPpOZZV2WkJj6WWt1O","https://api.spotify.com/v1/tracks/5KH9kPpOZZV2WkJj6WWt1O","https://api.spotify.com/v1/audio-analysis/5KH9kPpOZZV2WkJj6WWt1O",393288,4,"Vengeance","Andrew"
"47",0.525,0.973,10,-4.083,0,0.121,3.38e-05,1.15e-06,0.267,0.397,119.949,"audio_features","5DtfTqxAYMg76AQgFaHqq3","spotify:track:5DtfTqxAYMg76AQgFaHqq3","https://api.spotify.com/v1/tracks/5DtfTqxAYMg76AQgFaHqq3","https://api.spotify.com/v1/audio-analysis/5DtfTqxAYMg76AQgFaHqq3",237814,4,"Dear Youth (Day 52)","Andrew"
"48",0.448,0.973,1,-2.436,0,0.0858,0.000105,0,0.154,0.22,136.477,"audio_features","1d2uHtmsSgMDoV51zwXzH4","spotify:track:1d2uHtmsSgMDoV51zwXzH4","https://api.spotify.com/v1/tracks/1d2uHtmsSgMDoV51zwXzH4","https://api.spotify.com/v1/audio-analysis/1d2uHtmsSgMDoV51zwXzH4",251633,4,"Done for Good","Andrew"
"49",0.485,0.834,9,-5.413,1,0.0715,0.0665,0,0.28,0.659,90.933,"audio_features","58spuRyMUsjKHQHEGwLC99","spotify:track:58spuRyMUsjKHQHEGwLC99","https://api.spotify.com/v1/tracks/58spuRyMUsjKHQHEGwLC99","https://api.spotify.com/v1/audio-analysis/58spuRyMUsjKHQHEGwLC99",211767,4,"80s Mercedes","Andrew"
"50",0.797,0.516,1,-6.286,1,0.0832,0.00538,0.438,0.0728,0.0478,109.993,"audio_features","496GZe7MxLloHgUQTmY2Ch","spotify:track:496GZe7MxLloHgUQTmY2Ch","https://api.spotify.com/v1/tracks/496GZe7MxLloHgUQTmY2Ch","https://api.spotify.com/v1/audio-analysis/496GZe7MxLloHgUQTmY2Ch",169320,4,"$Outh $Ide $Uicide","Andrew"
"51",0.209,0.944,4,-4.104,1,0.103,8.65e-06,0.1,0.404,0.247,113.301,"audio_features","6NYdAmvdebGyB2zASPBEKg","spotify:track:6NYdAmvdebGyB2zASPBEKg","https://api.spotify.com/v1/tracks/6NYdAmvdebGyB2zASPBEKg","https://api.spotify.com/v1/audio-analysis/6NYdAmvdebGyB2zASPBEKg",245719,4,"The Death We Seek","Andrew"
"52",0.487,0.729,2,-6.815,1,0.271,0.0538,4.07e-06,0.44,0.217,91.048,"audio_features","2cDCojn6uIBM6A5xTAbl3H","spotify:track:2cDCojn6uIBM6A5xTAbl3H","https://api.spotify.com/v1/tracks/2cDCojn6uIBM6A5xTAbl3H","https://api.spotify.com/v1/audio-analysis/2cDCojn6uIBM6A5xTAbl3H",350120,4,"m.A.A.d city","Andrew"
"53",0.577,0.447,8,-5.892,1,0.277,0.00627,0.00022,0.0899,0.189,74.236,"audio_features","6REbwUNlppTfcnV4d4ZoZi","spotify:track:6REbwUNlppTfcnV4d4ZoZi","https://api.spotify.com/v1/tracks/6REbwUNlppTfcnV4d4ZoZi","https://api.spotify.com/v1/audio-analysis/6REbwUNlppTfcnV4d4ZoZi",247800,4,"Swimming Pools (Drank)","Andrew"
"54",0.673,0.748,7,-6.1,1,0.365,0.255,0,0.236,0.716,139.667,"audio_features","1oPdIqXhjswpTnA5PPQs0K","spotify:track:1oPdIqXhjswpTnA5PPQs0K","https://api.spotify.com/v1/tracks/1oPdIqXhjswpTnA5PPQs0K","https://api.spotify.com/v1/audio-analysis/1oPdIqXhjswpTnA5PPQs0K",181714,4,"Dear God (feat. Kevin Gates)","Andrew"
"55",0.469,0.584,1,-5.591,1,0.0294,0.096,0,0.0917,0.241,108.961,"audio_features","4P9tzAG2BK4cM6rheLhRoN","spotify:track:4P9tzAG2BK4cM6rheLhRoN","https://api.spotify.com/v1/tracks/4P9tzAG2BK4cM6rheLhRoN","https://api.spotify.com/v1/audio-analysis/4P9tzAG2BK4cM6rheLhRoN",255046,4,"Even God Has Hell - Acoustic","Andrew"
"56",0.382,0.416,0,-9.303,1,0.0302,0.0733,0,0.0719,0.125,102.089,"audio_features","3TwtrR1yNLY1PMPsrGQpOp","spotify:track:3TwtrR1yNLY1PMPsrGQpOp","https://api.spotify.com/v1/tracks/3TwtrR1yNLY1PMPsrGQpOp","https://api.spotify.com/v1/audio-analysis/3TwtrR1yNLY1PMPsrGQpOp",221693,4,"Superman (It's Not Easy)","Andrew"
"57",0.797,0.844,11,-5.482,1,0.275,0.0651,0,0.087,0.52,170.142,"audio_features","4dVpf9jZjcORqGTLUaeYj9","spotify:track:4dVpf9jZjcORqGTLUaeYj9","https://api.spotify.com/v1/tracks/4dVpf9jZjcORqGTLUaeYj9","https://api.spotify.com/v1/audio-analysis/4dVpf9jZjcORqGTLUaeYj9",173600,4,"Plain Jane","Andrew"
"58",0.485,0.72,6,-5.991,1,0.127,0.0123,0,0.0546,0.0471,207.982,"audio_features","1j6kDJttn6wbVyMaM42Nxm","spotify:track:1j6kDJttn6wbVyMaM42Nxm","https://api.spotify.com/v1/tracks/1j6kDJttn6wbVyMaM42Nxm","https://api.spotify.com/v1/audio-analysis/1j6kDJttn6wbVyMaM42Nxm",126960,4,"Lord Pretty Flacko Jodye 2 (LPFJ2)","Andrew"
"59",0.926,0.542,1,-5.064,1,0.293,0.135,0,0.0877,0.564,135.14,"audio_features","6gxKUmycQX7uyMwJcweFjp","spotify:track:6gxKUmycQX7uyMwJcweFjp","https://api.spotify.com/v1/tracks/6gxKUmycQX7uyMwJcweFjp","https://api.spotify.com/v1/audio-analysis/6gxKUmycQX7uyMwJcweFjp",181929,4,"We Paid (feat. 42 Dugg)","Andrew"
"60",0.816,0.579,1,-6.097,1,0.0867,0.203,0,0.127,0.43,120.078,"audio_features","4iHSE5R1U8jf84tRn52xRt","spotify:track:4iHSE5R1U8jf84tRn52xRt","https://api.spotify.com/v1/tracks/4iHSE5R1U8jf84tRn52xRt","https://api.spotify.com/v1/audio-analysis/4iHSE5R1U8jf84tRn52xRt",226314,4,"Prospect (ft. Lil Baby)","Andrew"
"61",0.841,0.733,1,-5.077,1,0.142,0.0246,0,0.174,0.284,130.009,"audio_features","7xVLFuuYdAvcTfcP3IG3dS","spotify:track:7xVLFuuYdAvcTfcP3IG3dS","https://api.spotify.com/v1/tracks/7xVLFuuYdAvcTfcP3IG3dS","https://api.spotify.com/v1/audio-analysis/7xVLFuuYdAvcTfcP3IG3dS",283693,4,"Work REMIX (feat. A$AP Rocky, French Montana, Trinidad James & ScHoolboy Q)","Andrew"
"62",0.817,0.775,10,-4.767,0,0.108,0.277,0,0.108,0.806,126.984,"audio_features","4wqzOaLxiCRy2Et8tRyNSX","spotify:track:4wqzOaLxiCRy2Et8tRyNSX","https://api.spotify.com/v1/tracks/4wqzOaLxiCRy2Et8tRyNSX","https://api.spotify.com/v1/audio-analysis/4wqzOaLxiCRy2Et8tRyNSX",234334,4,"The Thrill","Andrew"
"63",0.516,0.626,1,-11.402,1,0.705,0.48,0,0.675,0.726,209.763,"audio_features","7bFElqzAlHXnnINRBXRQbK","spotify:track:7bFElqzAlHXnnINRBXRQbK","https://api.spotify.com/v1/tracks/7bFElqzAlHXnnINRBXRQbK","https://api.spotify.com/v1/audio-analysis/7bFElqzAlHXnnINRBXRQbK",237720,3,"Lil Bit","Andrew"
"64",0.574,0.601,6,-8.937,1,0.0267,0.305,1.67e-06,0.121,0.269,134.94,"audio_features","1RnpSPNzYemgma5sCUtPaX","spotify:track:1RnpSPNzYemgma5sCUtPaX","https://api.spotify.com/v1/tracks/1RnpSPNzYemgma5sCUtPaX","https://api.spotify.com/v1/audio-analysis/1RnpSPNzYemgma5sCUtPaX",176901,4,"Texas Two Step","Andrew"
"65",0.39,0.939,4,-3.828,0,0.0787,5.08e-05,0,0.0968,0.495,161.997,"audio_features","0YZEYxd1oiqZRFhnnmTKKi","spotify:track:0YZEYxd1oiqZRFhnnmTKKi","https://api.spotify.com/v1/tracks/0YZEYxd1oiqZRFhnnmTKKi","https://api.spotify.com/v1/audio-analysis/0YZEYxd1oiqZRFhnnmTKKi",205394,4,"Another Life","Andrew"
"66",0.475,0.476,2,-5.954,1,0.0283,0.833,0,0.0982,0.17,147.042,"audio_features","0WqHYUiGuqkC7koA2l5Ou1","spotify:track:0WqHYUiGuqkC7koA2l5Ou1","https://api.spotify.com/v1/tracks/0WqHYUiGuqkC7koA2l5Ou1","https://api.spotify.com/v1/audio-analysis/0WqHYUiGuqkC7koA2l5Ou1",174828,4,"without you with me","Andrew"
"67",0.346,0.939,5,-3.061,1,0.182,0.000231,0,0.433,0.526,183.147,"audio_features","5fpq1wF8xa5tSSlcKHdmGQ","spotify:track:5fpq1wF8xa5tSSlcKHdmGQ","https://api.spotify.com/v1/tracks/5fpq1wF8xa5tSSlcKHdmGQ","https://api.spotify.com/v1/audio-analysis/5fpq1wF8xa5tSSlcKHdmGQ",195748,3,"sTraNgeRs","Andrew"
"68",0.591,0.814,4,-4.986,1,0.0468,0.015,0,0.117,0.815,149.9,"audio_features","13G5xv1wUKvJYbK0wYmioN","spotify:track:13G5xv1wUKvJYbK0wYmioN","https://api.spotify.com/v1/tracks/13G5xv1wUKvJYbK0wYmioN","https://api.spotify.com/v1/audio-analysis/13G5xv1wUKvJYbK0wYmioN",195760,4,"Circles Around This Town","Andrew"
"69",0.432,0.27,9,-12.95,1,0.0347,0.866,0,0.105,0.341,148.586,"audio_features","2m4Rz3Pn5tN7MFth0kHgSL","spotify:track:2m4Rz3Pn5tN7MFth0kHgSL","https://api.spotify.com/v1/tracks/2m4Rz3Pn5tN7MFth0kHgSL","https://api.spotify.com/v1/audio-analysis/2m4Rz3Pn5tN7MFth0kHgSL",227367,4,"Pitchin' fits","Andrew"
"70",0.554,0.38,9,-10.666,1,0.0314,0.526,0,0.213,0.284,118.925,"audio_features","16ufCOlMEIJkFstIYtQT4w","spotify:track:16ufCOlMEIJkFstIYtQT4w","https://api.spotify.com/v1/tracks/16ufCOlMEIJkFstIYtQT4w","https://api.spotify.com/v1/audio-analysis/16ufCOlMEIJkFstIYtQT4w",213754,4,"Run Away to Mars","Andrew"
"71",0.455,0.4,2,-7.749,1,0.0293,0.546,0,0.0971,0.103,139.828,"audio_features","6mDokQBBmkDhu7uDEFhyQ7","spotify:track:6mDokQBBmkDhu7uDEFhyQ7","https://api.spotify.com/v1/tracks/6mDokQBBmkDhu7uDEFhyQ7","https://api.spotify.com/v1/audio-analysis/6mDokQBBmkDhu7uDEFhyQ7",219640,4,"Try Losing One","Andrew"
"72",0.47,0.594,6,-7.063,0,0.0284,0.399,0,0.0686,0.211,73.492,"audio_features","0GmZftxnwknUcgSHvNkNA0","spotify:track:0GmZftxnwknUcgSHvNkNA0","https://api.spotify.com/v1/tracks/0GmZftxnwknUcgSHvNkNA0","https://api.spotify.com/v1/audio-analysis/0GmZftxnwknUcgSHvNkNA0",247449,4,"Doomed (Acoustic)","Andrew"
"73",0.426,0.389,4,-8.063,1,0.0269,0.831,0.000228,0.0963,0.17,154.246,"audio_features","1ehMNecFGwZu0tmCImU473","spotify:track:1ehMNecFGwZu0tmCImU473","https://api.spotify.com/v1/tracks/1ehMNecFGwZu0tmCImU473","https://api.spotify.com/v1/audio-analysis/1ehMNecFGwZu0tmCImU473",204973,3,"let go of your love","Andrew"
"74",0.426,0.972,0,-5.122,1,0.0954,0.0017,0,0.171,0.341,111.221,"audio_features","6WkSUgo1VdpzgtiXKlFPcY","spotify:track:6WkSUgo1VdpzgtiXKlFPcY","https://api.spotify.com/v1/tracks/6WkSUgo1VdpzgtiXKlFPcY","https://api.spotify.com/v1/audio-analysis/6WkSUgo1VdpzgtiXKlFPcY",165373,4,"Dammit","Andrew"
"75",0.626,0.357,3,-7.719,1,0.0296,0.766,0,0.0811,0.366,134.908,"audio_features","6vU59QhohXF5a9hzPs8A4x","spotify:track:6vU59QhohXF5a9hzPs8A4x","https://api.spotify.com/v1/tracks/6vU59QhohXF5a9hzPs8A4x","https://api.spotify.com/v1/audio-analysis/6vU59QhohXF5a9hzPs8A4x",245205,4,"Jamie All Over - Acoustic","Andrew"
"76",0.536,0.367,1,-7.985,0,0.027,0.695,0,0.11,0.139,129.934,"audio_features","6D7LRj1WlFgBE5liAmjzvu","spotify:track:6D7LRj1WlFgBE5liAmjzvu","https://api.spotify.com/v1/tracks/6D7LRj1WlFgBE5liAmjzvu","https://api.spotify.com/v1/audio-analysis/6D7LRj1WlFgBE5liAmjzvu",278625,4,"End of a Good Thing","Andrew"
"77",0.503,0.398,6,-10.855,0,0.0304,0.317,0,0.121,0.62,170.002,"audio_features","7mSgUS6LGK7Q8KoSHb0P4q","spotify:track:7mSgUS6LGK7Q8KoSHb0P4q","https://api.spotify.com/v1/tracks/7mSgUS6LGK7Q8KoSHb0P4q","https://api.spotify.com/v1/audio-analysis/7mSgUS6LGK7Q8KoSHb0P4q",220941,4,"Into The Dark (Acoustic)","Andrew"
"78",0.369,0.192,4,-12.151,0,0.04,0.555,8.35e-06,0.0954,0.148,175.212,"audio_features","3WMj8moIAXJhHsyLaqIIHI","spotify:track:3WMj8moIAXJhHsyLaqIIHI","https://api.spotify.com/v1/tracks/3WMj8moIAXJhHsyLaqIIHI","https://api.spotify.com/v1/audio-analysis/3WMj8moIAXJhHsyLaqIIHI",228013,3,"Something in the Orange","Andrew"
"79",0.479,0.768,8,-5.204,1,0.0312,7.02e-05,0.00549,0.121,0.576,110.024,"audio_features","6Tm4Io4ct4w14nB1EUzsY3","spotify:track:6Tm4Io4ct4w14nB1EUzsY3","https://api.spotify.com/v1/tracks/6Tm4Io4ct4w14nB1EUzsY3","https://api.spotify.com/v1/audio-analysis/6Tm4Io4ct4w14nB1EUzsY3",183790,4,"Whiskey On You","Andrew"
"80",0.523,0.837,7,-4.494,1,0.0335,0.301,0,0.172,0.523,82.006,"audio_features","6MBUUSIWCzaXW4q58Ktrv9","spotify:track:6MBUUSIWCzaXW4q58Ktrv9","https://api.spotify.com/v1/tracks/6MBUUSIWCzaXW4q58Ktrv9","https://api.spotify.com/v1/audio-analysis/6MBUUSIWCzaXW4q58Ktrv9",193929,4,"Slow Dance In A Parking Lot","Andrew"
"81",0.558,0.66,7,-6.223,1,0.0273,0.416,0,0.139,0.388,75.009,"audio_features","34SQ0QfLSR316d8KL2zkuZ","spotify:track:34SQ0QfLSR316d8KL2zkuZ","https://api.spotify.com/v1/tracks/34SQ0QfLSR316d8KL2zkuZ","https://api.spotify.com/v1/audio-analysis/34SQ0QfLSR316d8KL2zkuZ",220893,4,"With You I Am","Andrew"
"82",0.527,0.209,7,-12.113,1,0.0283,0.72,0,0.116,0.362,62.663,"audio_features","45CFyww2OsnABfrBg6FzRY","spotify:track:45CFyww2OsnABfrBg6FzRY","https://api.spotify.com/v1/tracks/45CFyww2OsnABfrBg6FzRY","https://api.spotify.com/v1/audio-analysis/45CFyww2OsnABfrBg6FzRY",181893,4,"The Messenger","Andrew"
"83",0.433,0.929,5,-4.33,0,0.0817,3.89e-05,0.00031,0.769,0.504,160.048,"audio_features","20dil44lFapp6oNBfCQlif","spotify:track:20dil44lFapp6oNBfCQlif","https://api.spotify.com/v1/tracks/20dil44lFapp6oNBfCQlif","https://api.spotify.com/v1/audio-analysis/20dil44lFapp6oNBfCQlif",231588,4,"When Everything Means Nothing","Andrew"
"84",0.737,0.548,4,-7.003,0,0.0498,0.0127,9.76e-06,0.176,0.156,160.058,"audio_features","5DPASDOoVakOcD8EIhb46T","spotify:track:5DPASDOoVakOcD8EIhb46T","https://api.spotify.com/v1/tracks/5DPASDOoVakOcD8EIhb46T","https://api.spotify.com/v1/audio-analysis/5DPASDOoVakOcD8EIhb46T",175759,4,"High Right Now (feat. Wiz Khalifa) - Remix","Andrew"
"85",0.429,0.266,10,-13.422,0,0.0382,0.859,0.829,0.0849,0.0398,109.662,"audio_features","4bbhqfaBcPJ54zL7B6uSne","spotify:track:4bbhqfaBcPJ54zL7B6uSne","https://api.spotify.com/v1/tracks/4bbhqfaBcPJ54zL7B6uSne","https://api.spotify.com/v1/audio-analysis/4bbhqfaBcPJ54zL7B6uSne",393267,4,"The Sound of Silence","Andrew"
"86",0.474,0.857,7,-5.734,1,0.0435,0.113,0,0.134,0.545,170.006,"audio_features","0HZUp8fm9fh1Mitqx4CIOr","spotify:track:0HZUp8fm9fh1Mitqx4CIOr","https://api.spotify.com/v1/tracks/0HZUp8fm9fh1Mitqx4CIOr","https://api.spotify.com/v1/audio-analysis/0HZUp8fm9fh1Mitqx4CIOr",220200,4,"Bottoms Up","Andrew"
"87",0.673,0.64,11,-9.252,0,0.0338,0.781,1.67e-05,0.168,0.89,122.883,"audio_features","3BCSIFo2mLFFhSsg0QwpPw","spotify:track:3BCSIFo2mLFFhSsg0QwpPw","https://api.spotify.com/v1/tracks/3BCSIFo2mLFFhSsg0QwpPw","https://api.spotify.com/v1/audio-analysis/3BCSIFo2mLFFhSsg0QwpPw",227453,4,"A Horse With No Name","Andrew"
"88",0.293,0.817,2,-3.786,1,0.039,0.458,0.0509,0.355,0.138,150.249,"audio_features","2A7GGXmTlXuH9LOvBXgOX4","spotify:track:2A7GGXmTlXuH9LOvBXgOX4","https://api.spotify.com/v1/tracks/2A7GGXmTlXuH9LOvBXgOX4","https://api.spotify.com/v1/audio-analysis/2A7GGXmTlXuH9LOvBXgOX4",451320,4,"Champagne Supernova - Remastered","Andrew"
"89",0.434,0.354,7,-11.952,0,0.0315,0.959,0.885,0.134,0.0761,82.473,"audio_features","09u8e8PSzCaf0PNeV6JG33","spotify:track:09u8e8PSzCaf0PNeV6JG33","https://api.spotify.com/v1/tracks/09u8e8PSzCaf0PNeV6JG33","https://api.spotify.com/v1/audio-analysis/09u8e8PSzCaf0PNeV6JG33",251080,3,"Oceano","Andrew"
"90",0.5,0.485,0,-7.94,1,0.0422,0.633,1.26e-06,0.107,0.379,109.755,"audio_features","1LJDUGFkHr8CC4AsTeAFOK","spotify:track:1LJDUGFkHr8CC4AsTeAFOK","https://api.spotify.com/v1/tracks/1LJDUGFkHr8CC4AsTeAFOK","https://api.spotify.com/v1/audio-analysis/1LJDUGFkHr8CC4AsTeAFOK",207453,4,"From Austin","Andrew"
"91",0.586,0.559,4,-6.725,1,0.05,0.639,0,0.0872,0.437,177.945,"audio_features","69AIpwGNLxr4qS1X5ynx60","spotify:track:69AIpwGNLxr4qS1X5ynx60","https://api.spotify.com/v1/tracks/69AIpwGNLxr4qS1X5ynx60","https://api.spotify.com/v1/audio-analysis/69AIpwGNLxr4qS1X5ynx60",167480,4,"Buy Dirt","Andrew"
"92",0.561,0.352,3,-10.151,1,0.0247,0.608,0,0.23,0.266,99.966,"audio_features","6ENH2r9VtuBrPmAV5R7t1f","spotify:track:6ENH2r9VtuBrPmAV5R7t1f","https://api.spotify.com/v1/tracks/6ENH2r9VtuBrPmAV5R7t1f","https://api.spotify.com/v1/audio-analysis/6ENH2r9VtuBrPmAV5R7t1f",295800,4,"Empty Throne - Acoustic","Andrew"
"93",0.279,0.939,11,-3.085,1,0.0883,0.00379,0,0.145,0.43,111.236,"audio_features","7xuhVUJmBpHR276Yc7AsgW","spotify:track:7xuhVUJmBpHR276Yc7AsgW","https://api.spotify.com/v1/tracks/7xuhVUJmBpHR276Yc7AsgW","https://api.spotify.com/v1/audio-analysis/7xuhVUJmBpHR276Yc7AsgW",286373,4,"Walking Disaster","Andrew"
"94",0.67,0.743,10,-4.993,1,0.0393,0.237,0,0.465,0.571,125.944,"audio_features","6mQLN3zRtAp6ovjusyYKrV","spotify:track:6mQLN3zRtAp6ovjusyYKrV","https://api.spotify.com/v1/tracks/6mQLN3zRtAp6ovjusyYKrV","https://api.spotify.com/v1/audio-analysis/6mQLN3zRtAp6ovjusyYKrV",218293,4,"Rewrite The Stars (with James Arthur & Anne-Marie)","Andrew"
"95",0.616,0.265,9,-8.791,1,0.0333,0.742,0,0.324,0.312,114.961,"audio_features","3k2xDfsXoDCum9wlrbSOsG","spotify:track:3k2xDfsXoDCum9wlrbSOsG","https://api.spotify.com/v1/tracks/3k2xDfsXoDCum9wlrbSOsG","https://api.spotify.com/v1/audio-analysis/3k2xDfsXoDCum9wlrbSOsG",217043,4,"Heartburn (acoustic version)","Andrew"
"96",0.85,0.556,9,-8.143,1,0.0927,0.106,0,0.144,0.883,114.987,"audio_features","55p8TQ1ggGYOO1gLQrC52D","spotify:track:55p8TQ1ggGYOO1gLQrC52D","https://api.spotify.com/v1/tracks/55p8TQ1ggGYOO1gLQrC52D","https://api.spotify.com/v1/audio-analysis/55p8TQ1ggGYOO1gLQrC52D",184440,4,"Favorite T-Shirt","Andrew"
"97",0.316,0.596,7,-5.806,0,0.0282,0.705,0,0.102,0.563,147.842,"audio_features","5fG83KM7CgRmjcKwmBNx2p","spotify:track:5fG83KM7CgRmjcKwmBNx2p","https://api.spotify.com/v1/tracks/5fG83KM7CgRmjcKwmBNx2p","https://api.spotify.com/v1/audio-analysis/5fG83KM7CgRmjcKwmBNx2p",277533,4,"Tears Don't Fall - Acoustic Version","Andrew"
"98",0.616,0.91,0,-3.004,1,0.0386,0.0459,0,0.343,0.693,144.072,"audio_features","6n9yCXvLhnYMgJIiIcMu7D","spotify:track:6n9yCXvLhnYMgJIiIcMu7D","https://api.spotify.com/v1/tracks/6n9yCXvLhnYMgJIiIcMu7D","https://api.spotify.com/v1/audio-analysis/6n9yCXvLhnYMgJIiIcMu7D",252040,4,"Rockstar","Andrew"
"99",0.64,0.864,7,-6.576,1,0.0314,0.00832,0,0.123,0.701,102.026,"audio_features","42et6fnHCw1HIPSrdPprMl","spotify:track:42et6fnHCw1HIPSrdPprMl","https://api.spotify.com/v1/tracks/42et6fnHCw1HIPSrdPprMl","https://api.spotify.com/v1/audio-analysis/42et6fnHCw1HIPSrdPprMl",268360,4,"Semi-Charmed Life","Andrew"
"100",0.313,0.753,4,-3.921,0,0.0285,0.0313,2.25e-06,0.142,0.514,176.748,"audio_features","3L2Nyi3T7XabH8EEZFLDdX","spotify:track:3L2Nyi3T7XabH8EEZFLDdX","https://api.spotify.com/v1/tracks/3L2Nyi3T7XabH8EEZFLDdX","https://api.spotify.com/v1/audio-analysis/3L2Nyi3T7XabH8EEZFLDdX",309800,4,"Wet Sand","Andrew"
"101",0.457,0.83,5,-5.262,1,0.0321,0.00682,0.00337,0.166,0.602,99.93,"audio_features","1ibeKVCiXORhvUpMmtsQWq","spotify:track:1ibeKVCiXORhvUpMmtsQWq","https://api.spotify.com/v1/tracks/1ibeKVCiXORhvUpMmtsQWq","https://api.spotify.com/v1/audio-analysis/1ibeKVCiXORhvUpMmtsQWq",182040,4,"Pieces","Andrew"
"102",0.45,0.989,6,-3.234,1,0.0574,0.000275,0,0.872,0.455,97.968,"audio_features","1lASDtTqKAfsnD6hixGKtz","spotify:track:1lASDtTqKAfsnD6hixGKtz","https://api.spotify.com/v1/tracks/1lASDtTqKAfsnD6hixGKtz","https://api.spotify.com/v1/audio-analysis/1lASDtTqKAfsnD6hixGKtz",184867,4,"No Reason","Andrew"
"103",0.516,0.884,2,-3.706,0,0.0448,0.000254,0.000347,0.0478,0.448,107.96,"audio_features","1PLMK1ui86iHHG3FM1N7ue","spotify:track:1PLMK1ui86iHHG3FM1N7ue","https://api.spotify.com/v1/tracks/1PLMK1ui86iHHG3FM1N7ue","https://api.spotify.com/v1/audio-analysis/1PLMK1ui86iHHG3FM1N7ue",336113,4,"Diamond Eyes (Boom-Lay Boom-Lay Boom)","Andrew"
"104",0.329,0.947,3,-3.102,0,0.153,0.00123,0,0.0835,0.317,169.965,"audio_features","5U7IkN7mRaulNGWnd7q50j","spotify:track:5U7IkN7mRaulNGWnd7q50j","https://api.spotify.com/v1/tracks/5U7IkN7mRaulNGWnd7q50j","https://api.spotify.com/v1/audio-analysis/5U7IkN7mRaulNGWnd7q50j",218253,4,"Sing It!","Andrew"
"105",0.432,0.902,1,-4.982,0,0.127,0.00334,1.24e-06,0.155,0.402,168.927,"audio_features","2c8S1QStWiEVA4YuPrf3ds","spotify:track:2c8S1QStWiEVA4YuPrf3ds","https://api.spotify.com/v1/tracks/2c8S1QStWiEVA4YuPrf3ds","https://api.spotify.com/v1/audio-analysis/2c8S1QStWiEVA4YuPrf3ds",240760,4,"I Found Away feat. Douglas P","Andrew"
"106",0.572,0.783,11,-6.398,1,0.0353,0.0172,0,0.19,0.46,105.975,"audio_features","6jlqDfX8TQNxcaAz5oxYJA","spotify:track:6jlqDfX8TQNxcaAz5oxYJA","https://api.spotify.com/v1/tracks/6jlqDfX8TQNxcaAz5oxYJA","https://api.spotify.com/v1/audio-analysis/6jlqDfX8TQNxcaAz5oxYJA",255493,4,"Shattered (Turn The Car Around)","Andrew"
"107",0.432,0.261,4,-12.591,1,0.0512,0.953,0.00342,0.0903,0.273,89.567,"audio_features","6gxycjJNMgmAyfzUXBN80P","spotify:track:6gxycjJNMgmAyfzUXBN80P","https://api.spotify.com/v1/tracks/6gxycjJNMgmAyfzUXBN80P","https://api.spotify.com/v1/audio-analysis/6gxycjJNMgmAyfzUXBN80P",258653,4,"Goodbye My Lover","Andrew"
"108",0.541,0.602,10,-6.033,1,0.0257,0.259,1.37e-06,0.125,0.446,81.32,"audio_features","13yEuYLJYxPCLJR0KNOqpk","spotify:track:13yEuYLJYxPCLJR0KNOqpk","https://api.spotify.com/v1/tracks/13yEuYLJYxPCLJR0KNOqpk","https://api.spotify.com/v1/audio-analysis/13yEuYLJYxPCLJR0KNOqpk",243280,4,"High","Andrew"
"109",0.72,0.668,9,-7.928,1,0.0269,0.0652,0.00664,0.0789,0.768,123.007,"audio_features","1BV0m40U0M4t1SLIsDnwZl","spotify:track:1BV0m40U0M4t1SLIsDnwZl","https://api.spotify.com/v1/tracks/1BV0m40U0M4t1SLIsDnwZl","https://api.spotify.com/v1/audio-analysis/1BV0m40U0M4t1SLIsDnwZl",280027,4,"1973","Andrew"
"110",0.224,0.97,4,-4.086,1,0.104,0.000303,0,0.113,0.42,157.616,"audio_features","7DLCdS8s5vSN0SlsUSLmvC","spotify:track:7DLCdS8s5vSN0SlsUSLmvC","https://api.spotify.com/v1/tracks/7DLCdS8s5vSN0SlsUSLmvC","https://api.spotify.com/v1/audio-analysis/7DLCdS8s5vSN0SlsUSLmvC",187960,4,"Carrion","Andrew"
"111",0.588,0.829,6,-6.196,1,0.0511,0.0181,0.000462,0.153,0.495,140.041,"audio_features","0fr7Nl49mFbf6nXXca6YwO","spotify:track:0fr7Nl49mFbf6nXXca6YwO","https://api.spotify.com/v1/tracks/0fr7Nl49mFbf6nXXca6YwO","https://api.spotify.com/v1/audio-analysis/0fr7Nl49mFbf6nXXca6YwO",269967,4,"Learning to Survive","Andrew"
"112",0.593,0.552,1,-5.838,1,0.028,0.18,1.71e-05,0.11,0.39,115,"audio_features","4GyD3o5hWoyCuYpdlzZlRL","spotify:track:4GyD3o5hWoyCuYpdlzZlRL","https://api.spotify.com/v1/tracks/4GyD3o5hWoyCuYpdlzZlRL","https://api.spotify.com/v1/audio-analysis/4GyD3o5hWoyCuYpdlzZlRL",254181,4,"Doin' This","Andrew"
"113",0.464,0.764,8,-5.627,1,0.0324,0.017,0,0.101,0.589,81.814,"audio_features","7weV0rAc28XtScd8jo1ecd","spotify:track:7weV0rAc28XtScd8jo1ecd","https://api.spotify.com/v1/tracks/7weV0rAc28XtScd8jo1ecd","https://api.spotify.com/v1/audio-analysis/7weV0rAc28XtScd8jo1ecd",185200,4,"Everything We Need","Andrew"
"114",0.59,0.903,1,-4.478,0,0.0363,0.0232,0,0.0786,0.542,107.023,"audio_features","5ecZWU5uQOiCVSnPxBZNmT","spotify:track:5ecZWU5uQOiCVSnPxBZNmT","https://api.spotify.com/v1/tracks/5ecZWU5uQOiCVSnPxBZNmT","https://api.spotify.com/v1/audio-analysis/5ecZWU5uQOiCVSnPxBZNmT",213453,4,"7 Things - Single Version","Andrew"
"115",0.671,0.708,2,-6.197,0,0.0667,0.334,0.00976,0.151,0.793,179.964,"audio_features","5nK48hE5youQnfvytXTGDG","spotify:track:5nK48hE5youQnfvytXTGDG","https://api.spotify.com/v1/tracks/5nK48hE5youQnfvytXTGDG","https://api.spotify.com/v1/audio-analysis/5nK48hE5youQnfvytXTGDG",189187,4,"Reef","Andrew"
"116",0.507,0.378,9,-9.019,1,0.0332,0.852,0.000212,0.0937,0.085,135.86,"audio_features","4VbDTk82rqWqVgoQC93CkC","spotify:track:4VbDTk82rqWqVgoQC93CkC","https://api.spotify.com/v1/tracks/4VbDTk82rqWqVgoQC93CkC","https://api.spotify.com/v1/audio-analysis/4VbDTk82rqWqVgoQC93CkC",218532,4,"Dive Deep (Hushed)","Andrew"
"117",0.404,0.667,7,-6.624,0,0.0357,0.395,0,0.0991,0.38,150.046,"audio_features","1njJX9VnnYvcXPS5S2tYqe","spotify:track:1njJX9VnnYvcXPS5S2tYqe","https://api.spotify.com/v1/tracks/1njJX9VnnYvcXPS5S2tYqe","https://api.spotify.com/v1/audio-analysis/1njJX9VnnYvcXPS5S2tYqe",216400,4,"Someone, Somewhere - Acoustic Version","Andrew"
"118",0.177,0.06,8,-25.377,1,0.0574,0.956,0.848,0.103,0.0499,136.248,"audio_features","3aLof1zmaQ0GLcAc9YQ3Fq","spotify:track:3aLof1zmaQ0GLcAc9YQ3Fq","https://api.spotify.com/v1/tracks/3aLof1zmaQ0GLcAc9YQ3Fq","https://api.spotify.com/v1/audio-analysis/3aLof1zmaQ0GLcAc9YQ3Fq",357707,1,"Nuvole bianche","Andrew"
"119",0.412,0.227,0,-12.696,1,0.0359,0.787,4.69e-06,0.282,0.226,80.111,"audio_features","35r28RDot7nPE7y9K9H7l0","spotify:track:35r28RDot7nPE7y9K9H7l0","https://api.spotify.com/v1/tracks/35r28RDot7nPE7y9K9H7l0","https://api.spotify.com/v1/audio-analysis/35r28RDot7nPE7y9K9H7l0",257267,4,"Feeling Whitney","Andrew"
"120",0.651,0.466,6,-9.403,1,0.0305,0.541,0.0027,0.116,0.326,86.953,"audio_features","5UDqWOgDdixYMAgAyNbpgh","spotify:track:5UDqWOgDdixYMAgAyNbpgh","https://api.spotify.com/v1/tracks/5UDqWOgDdixYMAgAyNbpgh","https://api.spotify.com/v1/audio-analysis/5UDqWOgDdixYMAgAyNbpgh",206893,4,"Merry Go 'Round","Andrew"
"121",0.602,0.609,0,-7.803,1,0.0243,0.0382,2e-04,0.127,0.337,93.06,"audio_features","1q3RiD1tIWUpGsNFADMlvl","spotify:track:1q3RiD1tIWUpGsNFADMlvl","https://api.spotify.com/v1/tracks/1q3RiD1tIWUpGsNFADMlvl","https://api.spotify.com/v1/audio-analysis/1q3RiD1tIWUpGsNFADMlvl",327893,4,"All Too Well","Andrew"
"122",0.57,0.618,10,-4.966,1,0.0445,0.153,0,0.159,0.286,138.034,"audio_features","1yRke3PmsyFrYlFZOAkABk","spotify:track:1yRke3PmsyFrYlFZOAkABk","https://api.spotify.com/v1/tracks/1yRke3PmsyFrYlFZOAkABk","https://api.spotify.com/v1/audio-analysis/1yRke3PmsyFrYlFZOAkABk",231832,4,"half of my hometown (feat. Kenny Chesney)","Andrew"
"123",0.551,0.801,6,-5.069,1,0.0303,0.013,6.03e-06,0.265,0.625,128.027,"audio_features","1mMLMZYXkMueg65jRRWG1l","spotify:track:1mMLMZYXkMueg65jRRWG1l","https://api.spotify.com/v1/tracks/1mMLMZYXkMueg65jRRWG1l","https://api.spotify.com/v1/audio-analysis/1mMLMZYXkMueg65jRRWG1l",240760,4,"When It Rains It Pours","Andrew"
"124",0.803,0.573,1,-7.366,1,0.3,0.015,0,0.282,0.567,87.515,"audio_features","3eQ5FWEktIf00bLjoDjhc6","spotify:track:3eQ5FWEktIf00bLjoDjhc6","https://api.spotify.com/v1/tracks/3eQ5FWEktIf00bLjoDjhc6","https://api.spotify.com/v1/audio-analysis/3eQ5FWEktIf00bLjoDjhc6",191927,4,"I Really (with 42 Dugg & Moneybagg Yo)","Andrew"
"125",0.602,0.79,0,-7.129,1,0.115,0.0302,0.0116,0.101,0.566,179.928,"audio_features","3Jc2FPXaPVwyvVLmlCGF4N","spotify:track:3Jc2FPXaPVwyvVLmlCGF4N","https://api.spotify.com/v1/tracks/3Jc2FPXaPVwyvVLmlCGF4N","https://api.spotify.com/v1/audio-analysis/3Jc2FPXaPVwyvVLmlCGF4N",238120,4,"Gopher Guts","Andrew"
"126",0.582,0.537,0,-9.229,1,0.619,0.129,0,0.0749,0.771,82.103,"audio_features","0nqhKXDjsyBMvbeWmgijD0","spotify:track:0nqhKXDjsyBMvbeWmgijD0","https://api.spotify.com/v1/tracks/0nqhKXDjsyBMvbeWmgijD0","https://api.spotify.com/v1/audio-analysis/0nqhKXDjsyBMvbeWmgijD0",180930,4,"Wockesha","Andrew"
"127",0.474,0.532,11,-11.141,0,0.0432,0.00386,0.27,0.0805,0.0414,151.982,"audio_features","2AsIm3Hr3GS4P4nntYSs2Q","spotify:track:2AsIm3Hr3GS4P4nntYSs2Q","https://api.spotify.com/v1/tracks/2AsIm3Hr3GS4P4nntYSs2Q","https://api.spotify.com/v1/audio-analysis/2AsIm3Hr3GS4P4nntYSs2Q",260613,4,"Where Is My Mind","Andrew"
"128",0.549,0.653,0,-7.47,1,0.0503,0.457,0,0.0969,0.287,121.348,"audio_features","6bLU8e0LGyztE9iD5DWBQ1","spotify:track:6bLU8e0LGyztE9iD5DWBQ1","https://api.spotify.com/v1/tracks/6bLU8e0LGyztE9iD5DWBQ1","https://api.spotify.com/v1/audio-analysis/6bLU8e0LGyztE9iD5DWBQ1",187173,4,"Hallucinogenics","Andrew"
"129",0.494,0.951,9,-4.237,1,0.132,0.000569,0,0.327,0.441,160.025,"audio_features","1gugDOSMREb34Xo0c1PlxM","spotify:track:1gugDOSMREb34Xo0c1PlxM","https://api.spotify.com/v1/tracks/1gugDOSMREb34Xo0c1PlxM","https://api.spotify.com/v1/audio-analysis/1gugDOSMREb34Xo0c1PlxM",202496,4,"She Looks So Perfect","Andrew"
"130",0.688,0.734,9,-4.569,1,0.0274,0.00462,0,0.0756,0.46,140.004,"audio_features","2hns6Dv29Yrg68AVTJiAyA","spotify:track:2hns6Dv29Yrg68AVTJiAyA","https://api.spotify.com/v1/tracks/2hns6Dv29Yrg68AVTJiAyA","https://api.spotify.com/v1/audio-analysis/2hns6Dv29Yrg68AVTJiAyA",208493,4,"Who Knew","Andrew"
"131",0.45,0.329,9,-12.603,0,0.0441,0.818,0.00109,0.135,0.266,71.884,"audio_features","1Xi84slp6FryDSCbzq4UCD","spotify:track:1Xi84slp6FryDSCbzq4UCD","https://api.spotify.com/v1/tracks/1Xi84slp6FryDSCbzq4UCD","https://api.spotify.com/v1/audio-analysis/1Xi84slp6FryDSCbzq4UCD",183624,3,"Arcade","Andrew"
"132",0.521,0.762,9,-5.059,1,0.0362,0.0961,6.15e-06,0.395,0.486,143.866,"audio_features","6guWjUuNYziyNXgjFo1IpF","spotify:track:6guWjUuNYziyNXgjFo1IpF","https://api.spotify.com/v1/tracks/6guWjUuNYziyNXgjFo1IpF","https://api.spotify.com/v1/audio-analysis/6guWjUuNYziyNXgjFo1IpF",191987,4,"Houston, We Got a Problem","Andrew"
"133",0.565,0.835,9,-3.379,1,0.0335,0.34,0,0.0726,0.763,105.007,"audio_features","693NFnfJZt16AFDaZqlflo","spotify:track:693NFnfJZt16AFDaZqlflo","https://api.spotify.com/v1/tracks/693NFnfJZt16AFDaZqlflo","https://api.spotify.com/v1/audio-analysis/693NFnfJZt16AFDaZqlflo",220120,4,"Done","Andrew"
"134",0.562,0.683,7,-4.427,1,0.0296,0.00531,0,0.107,0.385,132.003,"audio_features","6vC90OOjZR165Hw8CpsqEm","spotify:track:6vC90OOjZR165Hw8CpsqEm","https://api.spotify.com/v1/tracks/6vC90OOjZR165Hw8CpsqEm","https://api.spotify.com/v1/audio-analysis/6vC90OOjZR165Hw8CpsqEm",244798,4,"Pretty Heart","Andrew"
"135",0.587,0.35,2,-10.954,1,0.0318,0.74,0,0.156,0.17,74.479,"audio_features","4BXkf6yww23Vdju7E1fUrn","spotify:track:4BXkf6yww23Vdju7E1fUrn","https://api.spotify.com/v1/tracks/4BXkf6yww23Vdju7E1fUrn","https://api.spotify.com/v1/audio-analysis/4BXkf6yww23Vdju7E1fUrn",259453,4,"Whiskey Lullaby (feat. Alison Krauss)","Andrew"
"136",0.487,0.65,0,-5.195,1,0.0253,0.191,0,0.0933,0.456,151.964,"audio_features","6IBcOGPsniK3Pso1wHIhew","spotify:track:6IBcOGPsniK3Pso1wHIhew","https://api.spotify.com/v1/tracks/6IBcOGPsniK3Pso1wHIhew","https://api.spotify.com/v1/audio-analysis/6IBcOGPsniK3Pso1wHIhew",232533,4,"Forever After All","Andrew"
"137",0.479,0.642,11,-5.727,1,0.0302,0.0269,0,0.105,0.372,157.981,"audio_features","1MTEImRXVeL8VTDSDbgW6V","spotify:track:1MTEImRXVeL8VTDSDbgW6V","https://api.spotify.com/v1/tracks/1MTEImRXVeL8VTDSDbgW6V","https://api.spotify.com/v1/audio-analysis/1MTEImRXVeL8VTDSDbgW6V",220455,4,"Carolina Can","Andrew"
"138",0.473,0.859,4,-5.948,1,0.0396,0.194,2.6e-06,0.161,0.787,75.824,"audio_features","2yARskwKoNDTbL61y3qqjy","spotify:track:2yARskwKoNDTbL61y3qqjy","https://api.spotify.com/v1/tracks/2yARskwKoNDTbL61y3qqjy","https://api.spotify.com/v1/audio-analysis/2yARskwKoNDTbL61y3qqjy",215120,4,"Hold on Forever","Andrew"
"139",0.307,0.713,1,-11.607,1,0.0899,0.0937,0.781,0.185,0.117,135.675,"audio_features","0JK8uhwZQtdctdCH2eiKaq","spotify:track:0JK8uhwZQtdctdCH2eiKaq","https://api.spotify.com/v1/tracks/0JK8uhwZQtdctdCH2eiKaq","https://api.spotify.com/v1/audio-analysis/0JK8uhwZQtdctdCH2eiKaq",340520,4,"Cuba Chase","Andrew"
"140",0.318,0.308,5,-13.676,0,0.0285,0.438,0.889,0.109,0.0592,103.925,"audio_features","0o9ivTBX7mjTnaUYF4Gk6t","spotify:track:0o9ivTBX7mjTnaUYF4Gk6t","https://api.spotify.com/v1/tracks/0o9ivTBX7mjTnaUYF4Gk6t","https://api.spotify.com/v1/audio-analysis/0o9ivTBX7mjTnaUYF4Gk6t",157027,4,"The Imitation Game","Andrew"
"141",0.262,0.224,9,-20.231,0,0.0463,0.0545,0.95,0.118,0.0388,119.715,"audio_features","1W6LZGinxm6voDaC8NVnDU","spotify:track:1W6LZGinxm6voDaC8NVnDU","https://api.spotify.com/v1/tracks/1W6LZGinxm6voDaC8NVnDU","https://api.spotify.com/v1/audio-analysis/1W6LZGinxm6voDaC8NVnDU",246272,4,"No Time for Caution","Andrew"
"142",0.534,0.33,5,-27.167,1,0.0427,0.528,0.822,0.112,0.0345,120.013,"audio_features","3Rf4ndR0ixZcuBF5gIIBYn","spotify:track:3Rf4ndR0ixZcuBF5gIIBYn","https://api.spotify.com/v1/tracks/3Rf4ndR0ixZcuBF5gIIBYn","https://api.spotify.com/v1/audio-analysis/3Rf4ndR0ixZcuBF5gIIBYn",414896,3,"Imperfect Lock","Andrew"
"143",0.304,0.0585,9,-16.949,0,0.0351,0.59,0.928,0.0982,0.0371,119.975,"audio_features","6w5sIyRvjTCqmE0LELgfSE","spotify:track:6w5sIyRvjTCqmE0LELgfSE","https://api.spotify.com/v1/tracks/6w5sIyRvjTCqmE0LELgfSE","https://api.spotify.com/v1/audio-analysis/6w5sIyRvjTCqmE0LELgfSE",219093,4,"Mountains","Andrew"
"144",0.112,0.123,4,-23.025,0,0.0433,0.964,0.696,0.103,0.0298,92.617,"audio_features","3oBPdHjwv1wREB2l57ewuX","spotify:track:3oBPdHjwv1wREB2l57ewuX","https://api.spotify.com/v1/tracks/3oBPdHjwv1wREB2l57ewuX","https://api.spotify.com/v1/audio-analysis/3oBPdHjwv1wREB2l57ewuX",341396,4,"Dust","Andrew"
"145",0.18,0.226,9,-16.457,0,0.042,0.951,0.982,0.0998,0.048,94.079,"audio_features","6a8oa7GncjrVYZuUsNVEMu","spotify:track:6a8oa7GncjrVYZuUsNVEMu","https://api.spotify.com/v1/tracks/6a8oa7GncjrVYZuUsNVEMu","https://api.spotify.com/v1/audio-analysis/6a8oa7GncjrVYZuUsNVEMu",126960,4,"Cornfield Chase","Andrew"
"146",0.163,0.41,4,-16.699,0,0.0695,0.419,0.964,0.0853,0.0369,130.045,"audio_features","1CCq5q1Bv4NLktpSCIr4Yj","spotify:track:1CCq5q1Bv4NLktpSCIr4Yj","https://api.spotify.com/v1/tracks/1CCq5q1Bv4NLktpSCIr4Yj","https://api.spotify.com/v1/audio-analysis/1CCq5q1Bv4NLktpSCIr4Yj",197358,4,"The Blue Planet","Andrew"
"147",0.286,0.0968,7,-16.806,1,0.0323,0.178,0.696,0.0861,0.0395,62.881,"audio_features","6ZFbXIJkuI1dVNWvzJzown","spotify:track:6ZFbXIJkuI1dVNWvzJzown","https://api.spotify.com/v1/tracks/6ZFbXIJkuI1dVNWvzJzown","https://api.spotify.com/v1/audio-analysis/6ZFbXIJkuI1dVNWvzJzown",275556,4,"Time","Andrew"
"148",0.501,0.219,3,-8.226,1,0.0357,0.812,0,0.125,0.264,120.931,"audio_features","3Lp3nA3GZ9kgLg3yoqJ4NX","spotify:track:3Lp3nA3GZ9kgLg3yoqJ4NX","https://api.spotify.com/v1/tracks/3Lp3nA3GZ9kgLg3yoqJ4NX","https://api.spotify.com/v1/audio-analysis/3Lp3nA3GZ9kgLg3yoqJ4NX",210008,4,"Titanium","Andrew"
"149",0.49,0.615,4,-7.878,0,0.0286,0.386,0,0.0814,0.11,109.985,"audio_features","4sBOU30e7J2KF2VzBwDG2M","spotify:track:4sBOU30e7J2KF2VzBwDG2M","https://api.spotify.com/v1/tracks/4sBOU30e7J2KF2VzBwDG2M","https://api.spotify.com/v1/audio-analysis/4sBOU30e7J2KF2VzBwDG2M",216000,4,"Johnny Cash - Stripped","Andrew"
"150",0.415,0.592,0,-10.836,0,0.0363,0.258,0.192,0.0693,0.235,114.956,"audio_features","4B161tnzwvFCWiOfx9T8Di","spotify:track:4B161tnzwvFCWiOfx9T8Di","https://api.spotify.com/v1/tracks/4B161tnzwvFCWiOfx9T8Di","https://api.spotify.com/v1/audio-analysis/4B161tnzwvFCWiOfx9T8Di",299014,4,"Dying Is Absolutely Safe","Andrew"
"151",0.554,0.927,7,-3.641,1,0.0378,0.044,3.32e-06,0.0876,0.81,138,"audio_features","4ccM2xBxicGigjLqt6A0YY","spotify:track:4ccM2xBxicGigjLqt6A0YY","https://api.spotify.com/v1/tracks/4ccM2xBxicGigjLqt6A0YY","https://api.spotify.com/v1/audio-analysis/4ccM2xBxicGigjLqt6A0YY",188613,4,"Accidentally In Love","Andrew"
"152",0.565,0.586,11,-7.726,1,0.0363,0.0175,0,0.204,0.43,147.986,"audio_features","2ccNaerby1wXA993dY6XsR","spotify:track:2ccNaerby1wXA993dY6XsR","https://api.spotify.com/v1/tracks/2ccNaerby1wXA993dY6XsR","https://api.spotify.com/v1/audio-analysis/2ccNaerby1wXA993dY6XsR",203842,4,"if this is the last time","Andrew"
"153",0.537,0.674,5,-5.134,0,0.0277,0.0088,0,0.265,0.33,136.002,"audio_features","4bVuIlGQBMWS7vIhcx8Ae4","spotify:track:4bVuIlGQBMWS7vIhcx8Ae4","https://api.spotify.com/v1/tracks/4bVuIlGQBMWS7vIhcx8Ae4","https://api.spotify.com/v1/audio-analysis/4bVuIlGQBMWS7vIhcx8Ae4",214107,4,"What Hurts The Most","Andrew"
"154",0.626,0.55,9,-5.105,0,0.029,0.051,0,0.118,0.123,133.976,"audio_features","42SOtYBdnfj9zEdZSlAq5k","spotify:track:42SOtYBdnfj9zEdZSlAq5k","https://api.spotify.com/v1/tracks/42SOtYBdnfj9zEdZSlAq5k","https://api.spotify.com/v1/audio-analysis/42SOtYBdnfj9zEdZSlAq5k",221096,4,"Finally // beautiful stranger","Andrew"
"155",0.38,0.219,4,-13.273,0,0.0358,0.917,0.0104,0.0827,0.0517,73.537,"audio_features","73SpzrcaHk0RQPFP73vqVR","spotify:track:73SpzrcaHk0RQPFP73vqVR","https://api.spotify.com/v1/tracks/73SpzrcaHk0RQPFP73vqVR","https://api.spotify.com/v1/audio-analysis/73SpzrcaHk0RQPFP73vqVR",242265,4,"No Time To Die","Andrew"
"156",0.268,0.742,5,-4.939,1,0.0355,0.0518,0,0.626,0.416,159.779,"audio_features","64yrDBpcdwEdNY9loyEGbX","spotify:track:64yrDBpcdwEdNY9loyEGbX","https://api.spotify.com/v1/tracks/64yrDBpcdwEdNY9loyEGbX","https://api.spotify.com/v1/audio-analysis/64yrDBpcdwEdNY9loyEGbX",321093,4,"21 Guns","Andrew"
"157",0.505,0.71,3,-3.015,1,0.0321,0.19,0.00025,0.329,0.428,89.938,"audio_features","3LlAyCYU26dvFZBDUIMb7a","spotify:track:3LlAyCYU26dvFZBDUIMb7a","https://api.spotify.com/v1/tracks/3LlAyCYU26dvFZBDUIMb7a","https://api.spotify.com/v1/audio-analysis/3LlAyCYU26dvFZBDUIMb7a",175200,4,"Demons","Andrew"
"158",0.493,0.947,7,-4.414,0,0.0511,0.00026,0.017,0.393,0.212,146.042,"audio_features","1ypHl7hi3yP9Vpiwt3uGtC","spotify:track:1ypHl7hi3yP9Vpiwt3uGtC","https://api.spotify.com/v1/tracks/1ypHl7hi3yP9Vpiwt3uGtC","https://api.spotify.com/v1/audio-analysis/1ypHl7hi3yP9Vpiwt3uGtC",224587,4,"Dance in the Fire","Andrew"
"159",0.372,0.355,8,-8.436,0,0.03,0.754,0,0.167,0.142,126.705,"audio_features","6TYlDTa9AQDvjqwbxlvFyI","spotify:track:6TYlDTa9AQDvjqwbxlvFyI","https://api.spotify.com/v1/tracks/6TYlDTa9AQDvjqwbxlvFyI","https://api.spotify.com/v1/audio-analysis/6TYlDTa9AQDvjqwbxlvFyI",237427,4,"Conversations in the Dark","Andrew"
"160",0.477,0.663,6,-5.793,0,0.0285,0.0333,0,0.145,0.344,94.084,"audio_features","3NRhy4mzDwQc6IgPwyQM1x","spotify:track:3NRhy4mzDwQc6IgPwyQM1x","https://api.spotify.com/v1/tracks/3NRhy4mzDwQc6IgPwyQM1x","https://api.spotify.com/v1/audio-analysis/3NRhy4mzDwQc6IgPwyQM1x",222440,4,"Be Somebody","Andrew"
"161",0.167,0.851,4,-4.039,1,0.0421,0.0127,0,0.172,0.11,175.426,"audio_features","1OTvWduKQV0MQd2gnGM9He","spotify:track:1OTvWduKQV0MQd2gnGM9He","https://api.spotify.com/v1/tracks/1OTvWduKQV0MQd2gnGM9He","https://api.spotify.com/v1/audio-analysis/1OTvWduKQV0MQd2gnGM9He",291360,3,"With Me","Andrew"
"162",0.718,0.691,4,-6.44,1,0.0387,0.0159,0,0.0627,0.552,100.008,"audio_features","6ihL9TjfRjadfEePzXXyVF","spotify:track:6ihL9TjfRjadfEePzXXyVF","https://api.spotify.com/v1/tracks/6ihL9TjfRjadfEePzXXyVF","https://api.spotify.com/v1/audio-analysis/6ihL9TjfRjadfEePzXXyVF",213107,4,"Gives You Hell","Andrew"
"163",0.282,0.499,4,-7.969,1,0.0292,0.273,0.908,0.153,0.279,95.95,"audio_features","59tcQJiHwApzE4h6yVnL9i","spotify:track:59tcQJiHwApzE4h6yVnL9i","https://api.spotify.com/v1/tracks/59tcQJiHwApzE4h6yVnL9i","https://api.spotify.com/v1/audio-analysis/59tcQJiHwApzE4h6yVnL9i",699261,4,"Ocean","Andrew"
"164",0.449,0.775,7,-12.029,1,0.0405,0.162,0.149,0.248,0.313,94.907,"audio_features","5qm0KiVKMXW1kq6VrnIhz5","spotify:track:5qm0KiVKMXW1kq6VrnIhz5","https://api.spotify.com/v1/tracks/5qm0KiVKMXW1kq6VrnIhz5","https://api.spotify.com/v1/audio-analysis/5qm0KiVKMXW1kq6VrnIhz5",249768,4,"Cliffs Of Dover - Instrumental","Andrew"
"165",0.704,0.758,0,-3.537,1,0.0402,0.233,0.00144,0.0924,0.534,120.003,"audio_features","4VginDwYTP2eaHJzO0QMjG","spotify:track:4VginDwYTP2eaHJzO0QMjG","https://api.spotify.com/v1/tracks/4VginDwYTP2eaHJzO0QMjG","https://api.spotify.com/v1/audio-analysis/4VginDwYTP2eaHJzO0QMjG",214907,4,"Circles","Andrew"
"166",0.512,0.581,6,-5.096,0,0.032,0.802,0,0.0979,0.37,113.021,"audio_features","6THisU6JCZzn9PSmHX2wnT","spotify:track:6THisU6JCZzn9PSmHX2wnT","https://api.spotify.com/v1/tracks/6THisU6JCZzn9PSmHX2wnT","https://api.spotify.com/v1/audio-analysis/6THisU6JCZzn9PSmHX2wnT",265619,4,"Alone In A Room - Acoustic Version","Andrew"
"167",0.465,0.517,4,-6.189,1,0.0284,0.00854,0.0403,0.209,0.137,136.176,"audio_features","1TvNcWY7WwPLQINhimxycA","spotify:track:1TvNcWY7WwPLQINhimxycA","https://api.spotify.com/v1/tracks/1TvNcWY7WwPLQINhimxycA","https://api.spotify.com/v1/audio-analysis/1TvNcWY7WwPLQINhimxycA",284373,3,"Hear You Me","Andrew"
"168",0.353,0.762,3,-5.422,1,0.0386,0.00245,6.4e-06,0.0907,0.169,148.008,"audio_features","04QKeqtQ1KCDHTXK6mNwqX","spotify:track:04QKeqtQ1KCDHTXK6mNwqX","https://api.spotify.com/v1/tracks/04QKeqtQ1KCDHTXK6mNwqX","https://api.spotify.com/v1/audio-analysis/04QKeqtQ1KCDHTXK6mNwqX",248173,4,"Not Alone","Andrew"
"169",0.351,0.88,6,-3.651,0,0.0564,3.26e-06,0.552,0.298,0.536,157.016,"audio_features","7e5xSRGOpvzqIGN40g5Rtp","spotify:track:7e5xSRGOpvzqIGN40g5Rtp","https://api.spotify.com/v1/tracks/7e5xSRGOpvzqIGN40g5Rtp","https://api.spotify.com/v1/audio-analysis/7e5xSRGOpvzqIGN40g5Rtp",197681,4,"Bones","Andrew"
"170",0.518,0.797,6,-5.153,1,0.0309,0.000681,0,0.107,0.293,132.918,"audio_features","0ADZ5dmXhlfzjMw6lefoPl","spotify:track:0ADZ5dmXhlfzjMw6lefoPl","https://api.spotify.com/v1/tracks/0ADZ5dmXhlfzjMw6lefoPl","https://api.spotify.com/v1/audio-analysis/0ADZ5dmXhlfzjMw6lefoPl",238173,4,"Far Away","Andrew"
"171",0.795,0.568,5,-7.817,0,0.142,0.0541,0,0.108,0.478,136.173,"audio_features","0B8QzDH7YWih85V5SEMnyJ","spotify:track:0B8QzDH7YWih85V5SEMnyJ","https://api.spotify.com/v1/tracks/0B8QzDH7YWih85V5SEMnyJ","https://api.spotify.com/v1/audio-analysis/0B8QzDH7YWih85V5SEMnyJ",198944,4,"Money Longer","Andrew"
"172",0.862,0.624,8,-5.348,1,0.147,0.183,0,0.195,0.523,122.029,"audio_features","5iHaOaMTQA3f24kD4oTR2x","spotify:track:5iHaOaMTQA3f24kD4oTR2x","https://api.spotify.com/v1/tracks/5iHaOaMTQA3f24kD4oTR2x","https://api.spotify.com/v1/audio-analysis/5iHaOaMTQA3f24kD4oTR2x",222295,4,"Moment of Clarity","Andrew"
"173",0.625,0.45,9,-9.985,1,0.0311,0.0776,0.000217,0.117,0.0362,92.974,"audio_features","7Cye3UbCA6UNuDykdCf3AB","spotify:track:7Cye3UbCA6UNuDykdCf3AB","https://api.spotify.com/v1/tracks/7Cye3UbCA6UNuDykdCf3AB","https://api.spotify.com/v1/audio-analysis/7Cye3UbCA6UNuDykdCf3AB",206472,3,"Dark Light","Andrew"
"174",0.849,0.648,7,-6.188,1,0.0832,0.0725,0.00592,0.0984,0.196,106.075,"audio_features","4irYeuAi87yyGHcI4h9s0x","spotify:track:4irYeuAi87yyGHcI4h9s0x","https://api.spotify.com/v1/tracks/4irYeuAi87yyGHcI4h9s0x","https://api.spotify.com/v1/audio-analysis/4irYeuAi87yyGHcI4h9s0x",111020,4,"Paris","Andrew"
"175",0.587,0.711,1,-6.33,1,0.42,0.171,0,0.125,0.381,98.008,"audio_features","3muBQDekYAg7jm6hDu6R0Z","spotify:track:3muBQDekYAg7jm6hDu6R0Z","https://api.spotify.com/v1/tracks/3muBQDekYAg7jm6hDu6R0Z","https://api.spotify.com/v1/audio-analysis/3muBQDekYAg7jm6hDu6R0Z",254694,4,"First Day Out","Andrew"
"176",0.773,0.742,5,-5.453,0,0.162,0.00198,0,0.558,0.35,148.949,"audio_features","0Tcw8w9pvPrZoORgxsNASW","spotify:track:0Tcw8w9pvPrZoORgxsNASW","https://api.spotify.com/v1/tracks/0Tcw8w9pvPrZoORgxsNASW","https://api.spotify.com/v1/audio-analysis/0Tcw8w9pvPrZoORgxsNASW",186843,4,"Over Your Head","Andrew"
"177",0.801,0.596,1,-4.72,1,0.0534,0.00301,0,0.162,0.134,120.028,"audio_features","76MjtLfZoTNc3BDqUVjuRH","spotify:track:76MjtLfZoTNc3BDqUVjuRH","https://api.spotify.com/v1/tracks/76MjtLfZoTNc3BDqUVjuRH","https://api.spotify.com/v1/audio-analysis/76MjtLfZoTNc3BDqUVjuRH",280666,4,"Patek","Andrew"
"178",0.868,0.638,2,-7.746,1,0.0736,0.146,0.0565,0.0931,0.459,126.03,"audio_features","7v96VvFLS0wSYT8kewNLRy","spotify:track:7v96VvFLS0wSYT8kewNLRy","https://api.spotify.com/v1/tracks/7v96VvFLS0wSYT8kewNLRy","https://api.spotify.com/v1/audio-analysis/7v96VvFLS0wSYT8kewNLRy",182857,4,"24 (feat. Lil Baby)","Andrew"
"179",0.904,0.723,11,-5.224,0,0.26,0.0631,0,0.185,0.835,145.013,"audio_features","2MbdDtCv5LUVjYy9RuGTgC","spotify:track:2MbdDtCv5LUVjYy9RuGTgC","https://api.spotify.com/v1/tracks/2MbdDtCv5LUVjYy9RuGTgC","https://api.spotify.com/v1/audio-analysis/2MbdDtCv5LUVjYy9RuGTgC",227478,4,"WHATS POPPIN (feat. DaBaby, Tory Lanez & Lil Wayne) - Remix","Andrew"
"180",0.585,0.52,5,-6.136,0,0.0712,0.124,7.01e-05,0.131,0.129,159.801,"audio_features","0e7ipj03S05BNilyu5bRzt","spotify:track:0e7ipj03S05BNilyu5bRzt","https://api.spotify.com/v1/tracks/0e7ipj03S05BNilyu5bRzt","https://api.spotify.com/v1/audio-analysis/0e7ipj03S05BNilyu5bRzt",218147,4,"rockstar (feat. 21 Savage)","Andrew"
"181",0.855,0.651,0,-8.044,0,0.235,0.063,0,0.0772,0.559,111.997,"audio_features","5Z8HZM6iQMhhqyPcCGY5g9","spotify:track:5Z8HZM6iQMhhqyPcCGY5g9","https://api.spotify.com/v1/tracks/5Z8HZM6iQMhhqyPcCGY5g9","https://api.spotify.com/v1/audio-analysis/5Z8HZM6iQMhhqyPcCGY5g9",193027,4,"Hot (feat. Gunna)","Andrew"
"182",0.882,0.602,11,-5.554,1,0.245,0.0177,0,0.178,0.43,142.959,"audio_features","598yNsG1JFrGd4n2kMoz7F","spotify:track:598yNsG1JFrGd4n2kMoz7F","https://api.spotify.com/v1/tracks/598yNsG1JFrGd4n2kMoz7F","https://api.spotify.com/v1/audio-analysis/598yNsG1JFrGd4n2kMoz7F",183011,4,"Woah","Andrew"
"183",0.881,0.457,7,-8.191,0,0.156,0.0327,0,0.231,0.296,136.97,"audio_features","2Ec33AVlkTTq8BHFgBTdQs","spotify:track:2Ec33AVlkTTq8BHFgBTdQs","https://api.spotify.com/v1/tracks/2Ec33AVlkTTq8BHFgBTdQs","https://api.spotify.com/v1/audio-analysis/2Ec33AVlkTTq8BHFgBTdQs",198913,4,"Futsal Shuffle 2020","Andrew"
"184",0.405,0.646,4,-3.206,0,0.0476,0.331,0,0.103,0.17,130.218,"audio_features","77Y7tccX9Hx5iClDr39uy9","spotify:track:77Y7tccX9Hx5iClDr39uy9","https://api.spotify.com/v1/tracks/77Y7tccX9Hx5iClDr39uy9","https://api.spotify.com/v1/audio-analysis/77Y7tccX9Hx5iClDr39uy9",156267,4,"Hollywood's Bleeding","Andrew"
"185",0.52,0.661,4,-8.241,0,0.434,0.271,0,0.311,0.632,92.798,"audio_features","48rQlLxXqYq8rzUaNJoEq1","spotify:track:48rQlLxXqYq8rzUaNJoEq1","https://api.spotify.com/v1/tracks/48rQlLxXqYq8rzUaNJoEq1","https://api.spotify.com/v1/audio-analysis/48rQlLxXqYq8rzUaNJoEq1",198261,4,"Fugazi","Andrew"
"186",0.749,0.865,3,-5.228,1,0.0413,0.00536,0,0.198,0.371,111.914,"audio_features","5SsR3wtCOafDmZgvIdRhSm","spotify:track:5SsR3wtCOafDmZgvIdRhSm","https://api.spotify.com/v1/tracks/5SsR3wtCOafDmZgvIdRhSm","https://api.spotify.com/v1/audio-analysis/5SsR3wtCOafDmZgvIdRhSm",216013,4,"Man Of The Year","Andrew"
"187",0.436,0.61,9,-5.685,1,0.134,0.00171,0,0.217,0.0972,141.951,"audio_features","5974upRH7uHuhRkstgEhHu","spotify:track:5974upRH7uHuhRkstgEhHu","https://api.spotify.com/v1/tracks/5974upRH7uHuhRkstgEhHu","https://api.spotify.com/v1/audio-analysis/5974upRH7uHuhRkstgEhHu",219773,4,"Bang Bang Pow Pow (feat. Lil' Wayne)","Andrew"
"188",0.531,0.665,8,-6.672,0,0.286,0.0607,0,0.131,0.8,73.726,"audio_features","0yQw3d0iQDjMrxaVHFv77J","spotify:track:0yQw3d0iQDjMrxaVHFv77J","https://api.spotify.com/v1/tracks/0yQw3d0iQDjMrxaVHFv77J","https://api.spotify.com/v1/audio-analysis/0yQw3d0iQDjMrxaVHFv77J",226293,4,"Strange Clouds (feat. Lil Wayne)","Andrew"
"189",0.729,0.603,6,-6.736,0,0.0666,0.0948,0,0.113,0.207,134.972,"audio_features","3XiNC94b4Tq1xwv70sQJGN","spotify:track:3XiNC94b4Tq1xwv70sQJGN","https://api.spotify.com/v1/tracks/3XiNC94b4Tq1xwv70sQJGN","https://api.spotify.com/v1/audio-analysis/3XiNC94b4Tq1xwv70sQJGN",243976,4,"Sanguine Paradise","Andrew"
"190",0.884,0.406,1,-7.202,1,0.2,0.179,0,0.106,0.163,130.027,"audio_features","6rcKz2VYbcaHJ0qSXucR56","spotify:track:6rcKz2VYbcaHJ0qSXucR56","https://api.spotify.com/v1/tracks/6rcKz2VYbcaHJ0qSXucR56","https://api.spotify.com/v1/audio-analysis/6rcKz2VYbcaHJ0qSXucR56",297377,4,"Too Hotty","Andrew"
"191",0.897,0.662,1,-6.903,0,0.292,0.0852,0,0.534,0.389,112.511,"audio_features","78QR3Wp35dqAhFEc2qAGjE","spotify:track:78QR3Wp35dqAhFEc2qAGjE","https://api.spotify.com/v1/tracks/78QR3Wp35dqAhFEc2qAGjE","https://api.spotify.com/v1/audio-analysis/78QR3Wp35dqAhFEc2qAGjE",145543,4,"Drip Too Hard (Lil Baby & Gunna)","Andrew"
"192",0.496,0.785,7,-3.472,1,0.306,0.0328,0,0.0941,0.357,170.02,"audio_features","6XAA7T9VHcqKQSzjmXAJ8o","spotify:track:6XAA7T9VHcqKQSzjmXAJ8o","https://api.spotify.com/v1/tracks/6XAA7T9VHcqKQSzjmXAJ8o","https://api.spotify.com/v1/audio-analysis/6XAA7T9VHcqKQSzjmXAJ8o",318360,4,"That's All She Wrote","Andrew"
"193",0.451,0.814,7,-6.199,0,0.0705,0.0179,0.115,0.0687,0.257,120.136,"audio_features","22LwhIWG9emahUJCGPWLT0","spotify:track:22LwhIWG9emahUJCGPWLT0","https://api.spotify.com/v1/tracks/22LwhIWG9emahUJCGPWLT0","https://api.spotify.com/v1/audio-analysis/22LwhIWG9emahUJCGPWLT0",270853,4,"Too Bright To See, Too Loud To Hear","Andrew"
"194",0.503,0.921,8,-5.907,0,0.106,0.00093,2.75e-06,0.26,0.359,121.983,"audio_features","6FhB5ZyT4JsIJ0ozDlXCIp","spotify:track:6FhB5ZyT4JsIJ0ozDlXCIp","https://api.spotify.com/v1/tracks/6FhB5ZyT4JsIJ0ozDlXCIp","https://api.spotify.com/v1/audio-analysis/6FhB5ZyT4JsIJ0ozDlXCIp",221160,4,"Save Yourself","Andrew"
"195",0.448,0.913,11,-3.094,0,0.0399,3.92e-05,1.46e-05,0.236,0.233,92.482,"audio_features","23ttPeTdUAaOC9RSXb3Ze6","spotify:track:23ttPeTdUAaOC9RSXb3Ze6","https://api.spotify.com/v1/tracks/23ttPeTdUAaOC9RSXb3Ze6","https://api.spotify.com/v1/audio-analysis/23ttPeTdUAaOC9RSXb3Ze6",260947,4,"Memorial","Andrew"
"196",0.517,0.977,7,-4.627,1,0.0741,4.97e-05,0.00129,0.105,0.135,121.503,"audio_features","5QDDmrz819WmzBeQHZNhor","spotify:track:5QDDmrz819WmzBeQHZNhor","https://api.spotify.com/v1/tracks/5QDDmrz819WmzBeQHZNhor","https://api.spotify.com/v1/audio-analysis/5QDDmrz819WmzBeQHZNhor",228018,4,"A Match Made In Heaven","Andrew"
"197",0.29,0.869,6,-5.155,1,0.0743,6.09e-05,0,0.815,0.434,110.006,"audio_features","6X0s2eXXpSLZCqpd4ffm3t","spotify:track:6X0s2eXXpSLZCqpd4ffm3t","https://api.spotify.com/v1/tracks/6X0s2eXXpSLZCqpd4ffm3t","https://api.spotify.com/v1/audio-analysis/6X0s2eXXpSLZCqpd4ffm3t",181896,5,"Bones","Andrew"
"198",0.467,0.983,9,-3.443,0,0.153,0.00209,0.105,0.349,0.0833,120.01,"audio_features","4pp9Yhne1AavWHck7OzGFD","spotify:track:4pp9Yhne1AavWHck7OzGFD","https://api.spotify.com/v1/tracks/4pp9Yhne1AavWHck7OzGFD","https://api.spotify.com/v1/audio-analysis/4pp9Yhne1AavWHck7OzGFD",321747,4,"Don't Ask, Don't Tell","Andrew"
"199",0.392,0.969,4,-3.551,1,0.117,1.43e-05,0.607,0.13,0.398,160.027,"audio_features","79I0U2dFCojyIUM41FoCZK","spotify:track:79I0U2dFCojyIUM41FoCZK","https://api.spotify.com/v1/tracks/79I0U2dFCojyIUM41FoCZK","https://api.spotify.com/v1/audio-analysis/79I0U2dFCojyIUM41FoCZK",201787,4,"Perfect Strangers","Andrew"
"200",0.4,0.976,4,-4.585,0,0.141,0.00209,2.79e-05,0.347,0.219,173.048,"audio_features","41WWaiW72IAkzzRfnyZzJj","spotify:track:41WWaiW72IAkzzRfnyZzJj","https://api.spotify.com/v1/tracks/41WWaiW72IAkzzRfnyZzJj","https://api.spotify.com/v1/audio-analysis/41WWaiW72IAkzzRfnyZzJj",232261,4,"Into Despair","Andrew"
